date,month,n_days,births,total_pop,country
1938-01-01,1,31,51820,41215000,England and Wales
1938-02-01,2,28,47421,41215000,England and Wales
1938-03-01,3,31,54887,41215000,England and Wales
1938-04-01,4,30,54623,41215000,England and Wales
1938-05-01,5,31,56853,41215000,England and Wales
1938-06-01,6,30,53145,41215000,England and Wales
1938-07-01,7,31,53214,41215000,England and Wales
1938-08-01,8,31,50444,41215000,England and Wales
1938-09-01,9,30,50545,41215000,England and Wales
1938-10-01,10,31,50079,41215000,England and Wales
1938-11-01,11,30,47850,41215000,England and Wales
1938-12-01,12,31,50323,41215000,England and Wales
1939-01-01,1,31,51350,41460000,England and Wales
1939-02-01,2,28,46990,41460000,England and Wales
1939-03-01,3,31,54389,41460000,England and Wales
1939-04-01,4,30,54127,41460000,England and Wales
1939-05-01,5,31,56337,41460000,England and Wales
1939-06-01,6,30,52662,41460000,England and Wales
1939-07-01,7,31,53515,41460000,England and Wales
1939-08-01,8,31,51338,41460000,England and Wales
1939-09-01,9,30,50605,41460000,England and Wales
1939-10-01,10,31,48832,41460000,England and Wales
1939-11-01,11,30,46025,41460000,England and Wales
1939-12-01,12,31,48309,41460000,England and Wales
1940-01-01,1,31,50281,39889000,England and Wales
1940-02-01,2,29,49846,39889000,England and Wales
1940-03-01,3,31,53583,39889000,England and Wales
1940-04-01,4,30,52340,39889000,England and Wales
1940-05-01,5,31,53100,39889000,England and Wales
1940-06-01,6,30,47749,39889000,England and Wales
1940-07-01,7,31,49459,39889000,England and Wales
1940-08-01,8,31,49217,39889000,England and Wales
1940-09-01,9,30,50516,39889000,England and Wales
1940-10-01,10,31,46133,39889000,England and Wales
1940-11-01,11,30,41560,39889000,England and Wales
1940-12-01,12,31,46336,39889000,England and Wales
1941-01-01,1,31,48889,38743000,England and Wales
1941-02-01,2,28,44708,38743000,England and Wales
1941-03-01,3,31,49406,38743000,England and Wales
1941-04-01,4,30,47833,38743000,England and Wales
1941-05-01,5,31,49550,38743000,England and Wales
1941-06-01,6,30,45697,38743000,England and Wales
1941-07-01,7,31,48318,38743000,England and Wales
1941-08-01,8,31,49417,38743000,England and Wales
1941-09-01,9,30,50570,38743000,England and Wales
1941-10-01,10,31,49172,38743000,England and Wales
1941-11-01,11,30,46158,38743000,England and Wales
1941-12-01,12,31,49373,38743000,England and Wales
1942-01-01,1,31,52070,38243000,England and Wales
1942-02-01,2,28,47451,38243000,England and Wales
1942-03-01,3,31,56797,38243000,England and Wales
1942-04-01,4,30,55007,38243000,England and Wales
1942-05-01,5,31,57159,38243000,England and Wales
1942-06-01,6,30,56144,38243000,England and Wales
1942-07-01,7,31,55708,38243000,England and Wales
1942-08-01,8,31,56110,38243000,England and Wales
1942-09-01,9,30,55022,38243000,England and Wales
1942-10-01,10,31,54607,38243000,England and Wales
1942-11-01,11,30,51024,38243000,England and Wales
1942-12-01,12,31,54404,38243000,England and Wales
1943-01-01,1,31,57651,37818000,England and Wales
1943-02-01,2,28,53214,37818000,England and Wales
1943-03-01,3,31,60988,37818000,England and Wales
1943-04-01,4,30,58983,37818000,England and Wales
1943-05-01,5,31,61399,37818000,England and Wales
1943-06-01,6,30,58522,37818000,England and Wales
1943-07-01,7,31,58980,37818000,England and Wales
1943-08-01,8,31,56260,37818000,England and Wales
1943-09-01,9,30,56175,37818000,England and Wales
1943-10-01,10,31,54456,37818000,England and Wales
1943-11-01,11,30,52170,37818000,England and Wales
1943-12-01,12,31,55536,37818000,England and Wales
1944-01-01,1,31,58313,37785000,England and Wales
1944-02-01,2,29,58489,37785000,England and Wales
1944-03-01,3,31,67038,37785000,England and Wales
1944-04-01,4,30,65352,37785000,England and Wales
1944-05-01,5,31,69333,37785000,England and Wales
1944-06-01,6,30,65863,37785000,England and Wales
1944-07-01,7,31,64874,37785000,England and Wales
1944-08-01,8,31,59118,37785000,England and Wales
1944-09-01,9,30,59721,37785000,England and Wales
1944-10-01,10,31,61197,37785000,England and Wales
1944-11-01,11,30,59073,37785000,England and Wales
1944-12-01,12,31,63107,37785000,England and Wales
1945-01-01,1,31,59360,37916000,England and Wales
1945-02-01,2,28,54940,37916000,England and Wales
1945-03-01,3,31,56745,37916000,England and Wales
1945-04-01,4,30,56117,37916000,England and Wales
1945-05-01,5,31,61374,37916000,England and Wales
1945-06-01,6,30,57477,37916000,England and Wales
1945-07-01,7,31,57868,37916000,England and Wales
1945-08-01,8,31,56381,37916000,England and Wales
1945-09-01,9,30,55232,37916000,England and Wales
1945-10-01,10,31,54685,37916000,England and Wales
1945-11-01,11,30,53416,37916000,England and Wales
1945-12-01,12,31,56342,37916000,England and Wales
1946-01-01,1,31,58169,40759000,England and Wales
1946-02-01,2,28,56070,40759000,England and Wales
1946-03-01,3,31,65627,40759000,England and Wales
1946-04-01,4,30,64677,40759000,England and Wales
1946-05-01,5,31,70820,40759000,England and Wales
1946-06-01,6,30,68031,40759000,England and Wales
1946-07-01,7,31,70002,40759000,England and Wales
1946-08-01,8,31,70967,40759000,England and Wales
1946-09-01,9,30,73256,40759000,England and Wales
1946-10-01,10,31,72373,40759000,England and Wales
1946-11-01,11,30,72382,40759000,England and Wales
1946-12-01,12,31,78345,40759000,England and Wales
1947-01-01,1,31,82913,41786000,England and Wales
1947-02-01,2,28,73693,41786000,England and Wales
1947-03-01,3,31,83021,41786000,England and Wales
1947-04-01,4,30,78503,41786000,England and Wales
1947-05-01,5,31,80328,41786000,England and Wales
1947-06-01,6,30,75036,41786000,England and Wales
1947-07-01,7,31,74827,41786000,England and Wales
1947-08-01,8,31,70057,41786000,England and Wales
1947-09-01,9,30,69424,41786000,England and Wales
1947-10-01,10,31,65722,41786000,England and Wales
1947-11-01,11,30,62236,41786000,England and Wales
1947-12-01,12,31,65266,41786000,England and Wales
1948-01-01,1,31,68402,43296000,England and Wales
1948-02-01,2,29,64770,43296000,England and Wales
1948-03-01,3,31,69651,43296000,England and Wales
1948-04-01,4,30,67655,43296000,England and Wales
1948-05-01,5,31,68494,43296000,England and Wales
1948-06-01,6,30,64801,43296000,England and Wales
1948-07-01,7,31,67013,43296000,England and Wales
1948-08-01,8,31,62560,43296000,England and Wales
1948-09-01,9,30,62151,43296000,England and Wales
1948-10-01,10,31,60968,43296000,England and Wales
1948-11-01,11,30,57752,43296000,England and Wales
1948-12-01,12,31,61089,43296000,England and Wales
1949-01-01,1,31,61498,43595000,England and Wales
1949-02-01,2,28,58520,43595000,England and Wales
1949-03-01,3,31,66210,43595000,England and Wales
1949-04-01,4,30,64640,43595000,England and Wales
1949-05-01,5,31,65630,43595000,England and Wales
1949-06-01,6,30,62698,43595000,England and Wales
1949-07-01,7,31,61931,43595000,England and Wales
1949-08-01,8,31,60275,43595000,England and Wales
1949-09-01,9,30,60014,43595000,England and Wales
1949-10-01,10,31,58600,43595000,England and Wales
1949-11-01,11,30,54758,43595000,England and Wales
1949-12-01,12,31,55744,43595000,England and Wales
1950-01-01,1,31,60573,43830000,England and Wales
1950-02-01,2,28,55865,43830000,England and Wales
1950-03-01,3,31,64336,43830000,England and Wales
1950-04-01,4,30,61039,43830000,England and Wales
1950-05-01,5,31,62184,43830000,England and Wales
1950-06-01,6,30,58886,43830000,England and Wales
1950-07-01,7,31,57270,43830000,England and Wales
1950-08-01,8,31,56771,43830000,England and Wales
1950-09-01,9,30,57333,43830000,England and Wales
1950-10-01,10,31,55621,43830000,England and Wales
1950-11-01,11,30,52406,43830000,England and Wales
1950-12-01,12,31,54813,43830000,England and Wales
1951-01-01,1,31,57740,43815000,England and Wales
1951-02-01,2,28,54162,43815000,England and Wales
1951-03-01,3,31,61973,43815000,England and Wales
1951-04-01,4,30,59985,43815000,England and Wales
1951-05-01,5,31,62473,43815000,England and Wales
1951-06-01,6,30,58883,43815000,England and Wales
1951-07-01,7,31,58418,43815000,England and Wales
1951-08-01,8,31,55557,43815000,England and Wales
1951-09-01,9,30,54076,43815000,England and Wales
1951-10-01,10,31,51253,43815000,England and Wales
1951-11-01,11,30,49089,43815000,England and Wales
1951-12-01,12,31,53920,43815000,England and Wales
1952-01-01,1,31,56455,43955000,England and Wales
1952-02-01,2,29,55225,43955000,England and Wales
1952-03-01,3,31,60640,43955000,England and Wales
1952-04-01,4,30,58774,43955000,England and Wales
1952-05-01,5,31,60061,43955000,England and Wales
1952-06-01,6,30,55727,43955000,England and Wales
1952-07-01,7,31,57162,43955000,England and Wales
1952-08-01,8,31,55561,43955000,England and Wales
1952-09-01,9,30,55492,43955000,England and Wales
1952-10-01,10,31,54215,43955000,England and Wales
1952-11-01,11,30,50918,43955000,England and Wales
1952-12-01,12,31,53505,43955000,England and Wales
1953-01-01,1,31,56247,44109000,England and Wales
1953-02-01,2,28,53585,44109000,England and Wales
1953-03-01,3,31,61624,44109000,England and Wales
1953-04-01,4,30,59169,44109000,England and Wales
1953-05-01,5,31,62576,44109000,England and Wales
1953-06-01,6,30,59703,44109000,England and Wales
1953-07-01,7,31,59559,44109000,England and Wales
1953-08-01,8,31,56801,44109000,England and Wales
1953-09-01,9,30,56557,44109000,England and Wales
1953-10-01,10,31,54128,44109000,England and Wales
1953-11-01,11,30,50611,44109000,England and Wales
1953-12-01,12,31,53812,44109000,England and Wales
1954-01-01,1,31,57157,44274000,England and Wales
1954-02-01,2,28,54560,44274000,England and Wales
1954-03-01,3,31,60983,44274000,England and Wales
1954-04-01,4,30,58119,44274000,England and Wales
1954-05-01,5,31,61714,44274000,England and Wales
1954-06-01,6,30,56793,44274000,England and Wales
1954-07-01,7,31,57378,44274000,England and Wales
1954-08-01,8,31,54593,44274000,England and Wales
1954-09-01,9,30,54468,44274000,England and Wales
1954-10-01,10,31,54044,44274000,England and Wales
1954-11-01,11,30,50853,44274000,England and Wales
1954-12-01,12,31,52989,44274000,England and Wales
1955-01-01,1,31,57350,44441000,England and Wales
1955-02-01,2,28,51423,44441000,England and Wales
1955-03-01,3,31,59609,44441000,England and Wales
1955-04-01,4,30,57234,44441000,England and Wales
1955-05-01,5,31,58848,44441000,England and Wales
1955-06-01,6,30,56401,44441000,England and Wales
1955-07-01,7,31,56967,44441000,England and Wales
1955-08-01,8,31,54543,44441000,England and Wales
1955-09-01,9,30,54160,44441000,England and Wales
1955-10-01,10,31,54030,44441000,England and Wales
1955-11-01,11,30,51661,44441000,England and Wales
1955-12-01,12,31,55585,44441000,England and Wales
1956-01-01,1,31,58609,44667000,England and Wales
1956-02-01,2,29,56280,44667000,England and Wales
1956-03-01,3,31,64004,44667000,England and Wales
1956-04-01,4,30,61223,44667000,England and Wales
1956-05-01,5,31,61848,44667000,England and Wales
1956-06-01,6,30,58304,44667000,England and Wales
1956-07-01,7,31,59528,44667000,England and Wales
1956-08-01,8,31,57446,44667000,England and Wales
1956-09-01,9,30,57471,44667000,England and Wales
1956-10-01,10,31,55906,44667000,England and Wales
1956-11-01,11,30,52860,44667000,England and Wales
1956-12-01,12,31,56856,44667000,England and Wales
1957-01-01,1,31,59926,44907000,England and Wales
1957-02-01,2,28,57163,44907000,England and Wales
1957-03-01,3,31,64705,44907000,England and Wales
1957-04-01,4,30,62090,44907000,England and Wales
1957-05-01,5,31,64676,44907000,England and Wales
1957-06-01,6,30,61031,44907000,England and Wales
1957-07-01,7,31,59956,44907000,England and Wales
1957-08-01,8,31,59229,44907000,England and Wales
1957-09-01,9,30,59927,44907000,England and Wales
1957-10-01,10,31,60580,44907000,England and Wales
1957-11-01,11,30,55373,44907000,England and Wales
1957-12-01,12,31,58725,44907000,England and Wales
1958-01-01,1,31,62983,45109000,England and Wales
1958-02-01,2,28,58526,45109000,England and Wales
1958-03-01,3,31,68433,45109000,England and Wales
1958-04-01,4,30,63847,45109000,England and Wales
1958-05-01,5,31,65538,45109000,England and Wales
1958-06-01,6,30,59634,45109000,England and Wales
1958-07-01,7,31,59026,45109000,England and Wales
1958-08-01,8,31,59795,45109000,England and Wales
1958-09-01,9,30,61445,45109000,England and Wales
1958-10-01,10,31,61366,45109000,England and Wales
1958-11-01,11,30,58409,45109000,England and Wales
1958-12-01,12,31,61713,45109000,England and Wales
1959-01-01,1,31,64444,45386000,England and Wales
1959-02-01,2,28,60401,45386000,England and Wales
1959-03-01,3,31,68357,45386000,England and Wales
1959-04-01,4,30,64914,45386000,England and Wales
1959-05-01,5,31,66795,45386000,England and Wales
1959-06-01,6,30,62394,45386000,England and Wales
1959-07-01,7,31,63715,45386000,England and Wales
1959-08-01,8,31,61087,45386000,England and Wales
1959-09-01,9,30,60882,45386000,England and Wales
1959-10-01,10,31,60826,45386000,England and Wales
1959-11-01,11,30,55518,45386000,England and Wales
1959-12-01,12,31,59168,45386000,England and Wales
1960-01-01,1,31,63225,45775000,England and Wales
1960-02-01,2,29,64364,45775000,England and Wales
1960-03-01,3,31,70025,45775000,England and Wales
1960-04-01,4,30,65701,45775000,England and Wales
1960-05-01,5,31,69354,45775000,England and Wales
1960-06-01,6,30,65319,45775000,England and Wales
1960-07-01,7,31,66817,45775000,England and Wales
1960-08-01,8,31,64500,45775000,England and Wales
1960-09-01,9,30,65357,45775000,England and Wales
1960-10-01,10,31,64873,45775000,England and Wales
1960-11-01,11,30,61593,45775000,England and Wales
1960-12-01,12,31,63877,45775000,England and Wales
1961-01-01,1,31,67748,46196200,England and Wales
1961-02-01,2,28,62559,46196200,England and Wales
1961-03-01,3,31,72999,46196200,England and Wales
1961-04-01,4,30,69102,46196200,England and Wales
1961-05-01,5,31,70910,46196200,England and Wales
1961-06-01,6,30,67528,46196200,England and Wales
1961-07-01,7,31,68869,46196200,England and Wales
1961-08-01,8,31,68035,46196200,England and Wales
1961-09-01,9,30,67163,46196200,England and Wales
1961-10-01,10,31,66735,46196200,England and Wales
1961-11-01,11,30,62274,46196200,England and Wales
1961-12-01,12,31,67359,46196200,England and Wales
1962-01-01,1,31,69927,46657300,England and Wales
1962-02-01,2,28,66353,46657300,England and Wales
1962-03-01,3,31,77310,46657300,England and Wales
1962-04-01,4,30,71324,46657300,England and Wales
1962-05-01,5,31,75285,46657300,England and Wales
1962-06-01,6,30,70305,46657300,England and Wales
1962-07-01,7,31,70629,46657300,England and Wales
1962-08-01,8,31,70246,46657300,England and Wales
1962-09-01,9,30,68096,46657300,England and Wales
1962-10-01,10,31,67092,46657300,England and Wales
1962-11-01,11,30,64692,46657300,England and Wales
1962-12-01,12,31,67477,46657300,England and Wales
1963-01-01,1,31,72576,46973100,England and Wales
1963-02-01,2,28,67338,46973100,England and Wales
1963-03-01,3,31,78916,46973100,England and Wales
1963-04-01,4,30,73158,46973100,England and Wales
1963-05-01,5,31,76162,46973100,England and Wales
1963-06-01,6,30,71734,46973100,England and Wales
1963-07-01,7,31,72633,46973100,England and Wales
1963-08-01,8,31,70101,46973100,England and Wales
1963-09-01,9,30,69523,46973100,England and Wales
1963-10-01,10,31,69522,46973100,England and Wales
1963-11-01,11,30,64968,46973100,England and Wales
1963-12-01,12,31,67424,46973100,England and Wales
1964-01-01,1,31,72607,47324300,England and Wales
1964-02-01,2,29,71442,47324300,England and Wales
1964-03-01,3,31,78937,47324300,England and Wales
1964-04-01,4,30,75559,47324300,England and Wales
1964-05-01,5,31,76820,47324300,England and Wales
1964-06-01,6,30,73501,47324300,England and Wales
1964-07-01,7,31,75942,47324300,England and Wales
1964-08-01,8,31,71437,47324300,England and Wales
1964-09-01,9,30,72399,47324300,England and Wales
1964-10-01,10,31,70944,47324300,England and Wales
1964-11-01,11,30,66490,47324300,England and Wales
1964-12-01,12,31,69894,47324300,England and Wales
1965-01-01,1,31,71824,47671400,England and Wales
1965-02-01,2,28,68719,47671400,England and Wales
1965-03-01,3,31,78785,47671400,England and Wales
1965-04-01,4,30,73721,47671400,England and Wales
1965-05-01,5,31,74835,47671400,England and Wales
1965-06-01,6,30,72205,47671400,England and Wales
1965-07-01,7,31,74106,47671400,England and Wales
1965-08-01,8,31,71672,47671400,England and Wales
1965-09-01,9,30,71714,47671400,England and Wales
1965-10-01,10,31,70414,47671400,England and Wales
1965-11-01,11,30,66675,47671400,England and Wales
1965-12-01,12,31,68055,47671400,England and Wales
1966-01-01,1,31,71703,47966500,England and Wales
1966-02-01,2,28,67051,47966500,England and Wales
1966-03-01,3,31,77428,47966500,England and Wales
1966-04-01,4,30,71140,47966500,England and Wales
1966-05-01,5,31,73396,47966500,England and Wales
1966-06-01,6,30,70930,47966500,England and Wales
1966-07-01,7,31,73144,47966500,England and Wales
1966-08-01,8,31,71956,47966500,England and Wales
1966-09-01,9,30,71202,47966500,England and Wales
1966-10-01,10,31,69216,47966500,England and Wales
1966-11-01,11,30,63910,47966500,England and Wales
1966-12-01,12,31,68747,47966500,England and Wales
1967-01-01,1,31,70963,48271900,England and Wales
1967-02-01,2,28,67894,48271900,England and Wales
1967-03-01,3,31,77667,48271900,England and Wales
1967-04-01,4,30,71147,48271900,England and Wales
1967-05-01,5,31,73738,48271900,England and Wales
1967-06-01,6,30,68846,48271900,England and Wales
1967-07-01,7,31,69758,48271900,England and Wales
1967-08-01,8,31,68089,48271900,England and Wales
1967-09-01,9,30,68043,48271900,England and Wales
1967-10-01,10,31,66765,48271900,England and Wales
1967-11-01,11,30,62664,48271900,England and Wales
1967-12-01,12,31,66590,48271900,England and Wales
1968-01-01,1,31,68956,48510700,England and Wales
1968-02-01,2,29,66831,48510700,England and Wales
1968-03-01,3,31,74886,48510700,England and Wales
1968-04-01,4,30,69340,48510700,England and Wales
1968-05-01,5,31,72360,48510700,England and Wales
1968-06-01,6,30,68173,48510700,England and Wales
1968-07-01,7,31,69409,48510700,England and Wales
1968-08-01,8,31,69113,48510700,England and Wales
1968-09-01,9,30,65825,48510700,England and Wales
1968-10-01,10,31,66281,48510700,England and Wales
1968-11-01,11,30,62744,48510700,England and Wales
1968-12-01,12,31,65354,48510700,England and Wales
1969-01-01,1,31,70026,48738000,England and Wales
1969-02-01,2,28,64592,48738000,England and Wales
1969-03-01,3,31,75149,48738000,England and Wales
1969-04-01,4,30,69067,48738000,England and Wales
1969-05-01,5,31,70891,48738000,England and Wales
1969-06-01,6,30,66862,48738000,England and Wales
1969-07-01,7,31,66893,48738000,England and Wales
1969-08-01,8,31,65319,48738000,England and Wales
1969-09-01,9,30,64378,48738000,England and Wales
1969-10-01,10,31,64099,48738000,England and Wales
1969-11-01,11,30,59022,48738000,England and Wales
1969-12-01,12,31,61240,48738000,England and Wales
1970-01-01,1,31,64431,48891100,England and Wales
1970-02-01,2,28,61008,48891100,England and Wales
1970-03-01,3,31,70519,48891100,England and Wales
1970-04-01,4,30,66336,48891100,England and Wales
1970-05-01,5,31,68419,48891100,England and Wales
1970-06-01,6,30,65915,48891100,England and Wales
1970-07-01,7,31,67190,48891100,England and Wales
1970-08-01,8,31,64769,48891100,England and Wales
1970-09-01,9,30,63240,48891100,England and Wales
1970-10-01,10,31,63660,48891100,England and Wales
1970-11-01,11,30,62916,48891100,England and Wales
1970-12-01,12,31,66083,48891100,England and Wales
1971-01-01,1,31,67983,49152000,England and Wales
1971-02-01,2,28,63478,49152000,England and Wales
1971-03-01,3,31,72955,49152000,England and Wales
1971-04-01,4,30,67418,49152000,England and Wales
1971-05-01,5,31,69664,49152000,England and Wales
1971-06-01,6,30,65882,49152000,England and Wales
1971-07-01,7,31,67226,49152000,England and Wales
1971-08-01,8,31,62850,49152000,England and Wales
1971-09-01,9,30,63589,49152000,England and Wales
1971-10-01,10,31,63061,49152000,England and Wales
1971-11-01,11,30,59185,49152000,England and Wales
1971-12-01,12,31,59864,49152000,England and Wales
1972-01-01,1,31,61728,49327100,England and Wales
1972-02-01,2,29,59501,49327100,England and Wales
1972-03-01,3,31,66415,49327100,England and Wales
1972-04-01,4,30,60290,49327100,England and Wales
1972-05-01,5,31,63670,49327100,England and Wales
1972-06-01,6,30,61250,49327100,England and Wales
1972-07-01,7,31,62052,49327100,England and Wales
1972-08-01,8,31,60565,49327100,England and Wales
1972-09-01,9,30,59576,49327100,England and Wales
1972-10-01,10,31,57879,49327100,England and Wales
1972-11-01,11,30,55840,49327100,England and Wales
1972-12-01,12,31,56674,49327100,England and Wales
1973-01-01,1,31,57637,49459000,England and Wales
1973-02-01,2,28,54344,49459000,England and Wales
1973-03-01,3,31,63440,49459000,England and Wales
1973-04-01,4,30,56675,49459000,England and Wales
1973-05-01,5,31,59906,49459000,England and Wales
1973-06-01,6,30,57165,49459000,England and Wales
1973-07-01,7,31,57207,49459000,England and Wales
1973-08-01,8,31,55246,49459000,England and Wales
1973-09-01,9,30,53354,49459000,England and Wales
1973-10-01,10,31,55185,49459000,England and Wales
1973-11-01,11,30,52151,49459000,England and Wales
1973-12-01,12,31,53643,49459000,England and Wales
1974-01-01,1,31,55225,49467900,England and Wales
1974-02-01,2,28,49430,49467900,England and Wales
1974-03-01,3,31,57682,49467900,England and Wales
1974-04-01,4,30,53885,49467900,England and Wales
1974-05-01,5,31,56609,49467900,England and Wales
1974-06-01,6,30,52845,49467900,England and Wales
1974-07-01,7,31,55834,49467900,England and Wales
1974-08-01,8,31,54737,49467900,England and Wales
1974-09-01,9,30,53546,49467900,England and Wales
1974-10-01,10,31,53022,49467900,England and Wales
1974-11-01,11,30,48498,49467900,England and Wales
1974-12-01,12,31,48572,49467900,England and Wales
1975-01-01,1,31,52155,49469800,England and Wales
1975-02-01,2,28,47687,49469800,England and Wales
1975-03-01,3,31,54722,49469800,England and Wales
1975-04-01,4,30,51955,49469800,England and Wales
1975-05-01,5,31,53732,49469800,England and Wales
1975-06-01,6,30,50607,49469800,England and Wales
1975-07-01,7,31,52903,49469800,England and Wales
1975-08-01,8,31,50208,49469800,England and Wales
1975-09-01,9,30,49536,49469800,England and Wales
1975-10-01,10,31,48503,49469800,England and Wales
1975-11-01,11,30,44779,49469800,England and Wales
1975-12-01,12,31,46658,49469800,England and Wales
1976-01-01,1,31,48618,49459200,England and Wales
1976-02-01,2,29,48326,49459200,England and Wales
1976-03-01,3,31,54318,49459200,England and Wales
1976-04-01,4,30,49310,49459200,England and Wales
1976-05-01,5,31,50925,49459200,England and Wales
1976-06-01,6,30,50437,49459200,England and Wales
1976-07-01,7,31,49961,49459200,England and Wales
1976-08-01,8,31,48311,49459200,England and Wales
1976-09-01,9,30,48974,49459200,England and Wales
1976-10-01,10,31,46893,49459200,England and Wales
1976-11-01,11,30,43651,49459200,England and Wales
1976-12-01,12,31,44546,49459200,England and Wales
1977-01-01,1,31,46948,49440400,England and Wales
1977-02-01,2,28,43722,49440400,England and Wales
1977-03-01,3,31,49749,49440400,England and Wales
1977-04-01,4,30,46340,49440400,England and Wales
1977-05-01,5,31,50731,49440400,England and Wales
1977-06-01,6,30,47791,49440400,England and Wales
1977-07-01,7,31,48818,49440400,England and Wales
1977-08-01,8,31,48374,49440400,England and Wales
1977-09-01,9,30,49390,49440400,England and Wales
1977-10-01,10,31,48189,49440400,England and Wales
1977-11-01,11,30,44491,49440400,England and Wales
1977-12-01,12,31,44716,49440400,England and Wales
1978-01-01,1,31,46553,49442500,England and Wales
1978-02-01,2,28,44300,49442500,England and Wales
1978-03-01,3,31,51527,49442500,England and Wales
1978-04-01,4,30,48776,49442500,England and Wales
1978-05-01,5,31,51121,49442500,England and Wales
1978-06-01,6,30,49375,49442500,England and Wales
1978-07-01,7,31,50600,49442500,England and Wales
1978-08-01,8,31,51296,49442500,England and Wales
1978-09-01,9,30,52691,49442500,England and Wales
1978-10-01,10,31,51554,49442500,England and Wales
1978-11-01,11,30,48380,49442500,England and Wales
1978-12-01,12,31,50245,49442500,England and Wales
1979-01-01,1,31,51402,49508200,England and Wales
1979-02-01,2,28,48553,49508200,England and Wales
1979-03-01,3,31,56224,49508200,England and Wales
1979-04-01,4,30,53405,49508200,England and Wales
1979-05-01,5,31,56835,49508200,England and Wales
1979-06-01,6,30,54535,49508200,England and Wales
1979-07-01,7,31,55615,49508200,England and Wales
1979-08-01,8,31,53669,49508200,England and Wales
1979-09-01,9,30,52862,49508200,England and Wales
1979-10-01,10,31,53654,49508200,England and Wales
1979-11-01,11,30,50770,49508200,England and Wales
1979-12-01,12,31,50504,49508200,England and Wales
1980-01-01,1,31,54407,49603000,England and Wales
1980-02-01,2,29,51509,49603000,England and Wales
1980-03-01,3,31,56418,49603000,England and Wales
1980-04-01,4,30,55540,49603000,England and Wales
1980-05-01,5,31,57849,49603000,England and Wales
1980-06-01,6,30,54745,49603000,England and Wales
1980-07-01,7,31,57938,49603000,England and Wales
1980-08-01,8,31,54805,49603000,England and Wales
1980-09-01,9,30,55579,49603000,England and Wales
1980-10-01,10,31,55359,49603000,England and Wales
1980-11-01,11,30,50468,49603000,England and Wales
1980-12-01,12,31,51617,49603000,England and Wales
1981-01-01,1,31,52735,49634300,England and Wales
1981-02-01,2,28,48460,49634300,England and Wales
1981-03-01,3,31,55041,49634300,England and Wales
1981-04-01,4,30,52807,49634300,England and Wales
1981-05-01,5,31,54663,49634300,England and Wales
1981-06-01,6,30,53367,49634300,England and Wales
1981-07-01,7,31,56487,49634300,England and Wales
1981-08-01,8,31,54236,49634300,England and Wales
1981-09-01,9,30,53559,49634300,England and Wales
1981-10-01,10,31,53233,49634300,England and Wales
1981-11-01,11,30,49866,49634300,England and Wales
1981-12-01,12,31,50038,49634300,England and Wales
1982-01-01,1,31,51513,49581626,England and Wales
1982-02-01,2,28,47655,49581626,England and Wales
1982-03-01,3,31,54274,49581626,England and Wales
1982-04-01,4,30,52248,49581626,England and Wales
1982-05-01,5,31,53794,49581626,England and Wales
1982-06-01,6,30,50950,49581626,England and Wales
1982-07-01,7,31,54512,49581626,England and Wales
1982-08-01,8,31,53391,49581626,England and Wales
1982-09-01,9,30,54230,49581626,England and Wales
1982-10-01,10,31,52959,49581626,England and Wales
1982-11-01,11,30,49435,49581626,England and Wales
1982-12-01,12,31,50970,49581626,England and Wales
1983-01-01,1,31,51227,49616997,England and Wales
1983-02-01,2,28,47650,49616997,England and Wales
1983-03-01,3,31,53564,49616997,England and Wales
1983-04-01,4,30,52591,49616997,England and Wales
1983-05-01,5,31,54768,49616997,England and Wales
1983-06-01,6,30,53979,49616997,England and Wales
1983-07-01,7,31,55400,49616997,England and Wales
1983-08-01,8,31,53776,49616997,England and Wales
1983-09-01,9,30,54267,49616997,England and Wales
1983-10-01,10,31,51516,49616997,England and Wales
1983-11-01,11,30,49735,49616997,England and Wales
1983-12-01,12,31,50661,49616997,England and Wales
1984-01-01,1,31,51324,49713130,England and Wales
1984-02-01,2,29,48922,49713130,England and Wales
1984-03-01,3,31,53286,49713130,England and Wales
1984-04-01,4,30,50051,49713130,England and Wales
1984-05-01,5,31,54258,49713130,England and Wales
1984-06-01,6,30,53427,49713130,England and Wales
1984-07-01,7,31,55891,49713130,England and Wales
1984-08-01,8,31,55838,49713130,England and Wales
1984-09-01,9,30,55400,49713130,England and Wales
1984-10-01,10,31,55299,49713130,England and Wales
1984-11-01,11,30,52513,49713130,England and Wales
1984-12-01,12,31,50609,49713130,England and Wales
1985-01-01,1,31,54707,49860713,England and Wales
1985-02-01,2,28,49640,49860713,England and Wales
1985-03-01,3,31,56047,49860713,England and Wales
1985-04-01,4,30,53262,49860713,England and Wales
1985-05-01,5,31,57544,49860713,England and Wales
1985-06-01,6,30,54455,49860713,England and Wales
1985-07-01,7,31,58188,49860713,England and Wales
1985-08-01,8,31,57106,49860713,England and Wales
1985-09-01,9,30,56974,49860713,England and Wales
1985-10-01,10,31,55843,49860713,England and Wales
1985-11-01,11,30,51906,49860713,England and Wales
1985-12-01,12,31,50745,49860713,England and Wales
1986-01-01,1,31,53636,49998574,England and Wales
1986-02-01,2,28,49630,49998574,England and Wales
1986-03-01,3,31,56717,49998574,England and Wales
1986-04-01,4,30,55180,49998574,England and Wales
1986-05-01,5,31,58191,49998574,England and Wales
1986-06-01,6,30,55679,49998574,England and Wales
1986-07-01,7,31,56700,49998574,England and Wales
1986-08-01,8,31,57421,49998574,England and Wales
1986-09-01,9,30,56657,49998574,England and Wales
1986-10-01,10,31,55887,49998574,England and Wales
1986-11-01,11,30,51071,49998574,England and Wales
1986-12-01,12,31,54249,49998574,England and Wales
1987-01-01,1,31,54550,50122984,England and Wales
1987-02-01,2,28,50561,50122984,England and Wales
1987-03-01,3,31,57573,50122984,England and Wales
1987-04-01,4,30,56259,50122984,England and Wales
1987-05-01,5,31,59779,50122984,England and Wales
1987-06-01,6,30,58907,50122984,England and Wales
1987-07-01,7,31,59789,50122984,England and Wales
1987-08-01,8,31,58138,50122984,England and Wales
1987-09-01,9,30,58685,50122984,England and Wales
1987-10-01,10,31,57812,50122984,England and Wales
1987-11-01,11,30,53595,50122984,England and Wales
1987-12-01,12,31,55863,50122984,England and Wales
1988-01-01,1,31,57349,50253568,England and Wales
1988-02-01,2,29,55223,50253568,England and Wales
1988-03-01,3,31,60826,50253568,England and Wales
1988-04-01,4,30,57950,50253568,England and Wales
1988-05-01,5,31,60371,50253568,England and Wales
1988-06-01,6,30,58131,50253568,England and Wales
1988-07-01,7,31,60208,50253568,England and Wales
1988-08-01,8,31,59586,50253568,England and Wales
1988-09-01,9,30,59294,50253568,England and Wales
1988-10-01,10,31,55455,50253568,England and Wales
1988-11-01,11,30,53647,50253568,England and Wales
1988-12-01,12,31,55537,50253568,England and Wales
1989-01-01,1,31,55779,50407826,England and Wales
1989-02-01,2,28,52268,50407826,England and Wales
1989-03-01,3,31,58916,50407826,England and Wales
1989-04-01,4,30,56887,50407826,England and Wales
1989-05-01,5,31,60709,50407826,England and Wales
1989-06-01,6,30,59113,50407826,England and Wales
1989-07-01,7,31,60114,50407826,England and Wales
1989-08-01,8,31,58870,50407826,England and Wales
1989-09-01,9,30,56824,50407826,England and Wales
1989-10-01,10,31,56785,50407826,England and Wales
1989-11-01,11,30,55032,50407826,England and Wales
1989-12-01,12,31,56428,50407826,England and Wales
1990-01-01,1,31,56507,50560628,England and Wales
1990-02-01,2,28,52908,50560628,England and Wales
1990-03-01,3,31,58906,50560628,England and Wales
1990-04-01,4,30,57184,50560628,England and Wales
1990-05-01,5,31,61365,50560628,England and Wales
1990-06-01,6,30,60749,50560628,England and Wales
1990-07-01,7,31,62491,50560628,England and Wales
1990-08-01,8,31,61195,50560628,England and Wales
1990-09-01,9,30,60304,50560628,England and Wales
1990-10-01,10,31,59914,50560628,England and Wales
1990-11-01,11,30,57558,50560628,England and Wales
1990-12-01,12,31,57059,50560628,England and Wales
1991-01-01,1,31,58790,50748033,England and Wales
1991-02-01,2,28,54141,50748033,England and Wales
1991-03-01,3,31,58541,50748033,England and Wales
1991-04-01,4,30,56685,50748033,England and Wales
1991-05-01,5,31,60076,50748033,England and Wales
1991-06-01,6,30,59033,50748033,England and Wales
1991-07-01,7,31,61956,50748033,England and Wales
1991-08-01,8,31,60387,50748033,England and Wales
1991-09-01,9,30,59422,50748033,England and Wales
1991-10-01,10,31,58651,50748033,England and Wales
1991-11-01,11,30,55299,50748033,England and Wales
1991-12-01,12,31,56236,50748033,England and Wales
1933-01-01,1,31,180545,125579000,United States
1933-02-01,2,28,165986,125579000,United States
1933-03-01,3,31,183762,125579000,United States
1933-04-01,4,30,171354,125579000,United States
1933-05-01,5,31,174811,125579000,United States
1933-06-01,6,30,169255,125579000,United States
1933-07-01,7,31,180880,125579000,United States
1933-08-01,8,31,181856,125579000,United States
1933-09-01,9,30,167637,125579000,United States
1933-10-01,10,31,167055,125579000,United States
1933-11-01,11,30,165939,125579000,United States
1933-12-01,12,31,172152,125579000,United States
1934-01-01,1,31,182698,126374000,United States
1934-02-01,2,28,166452,126374000,United States
1934-03-01,3,31,179065,126374000,United States
1934-04-01,4,30,168671,126374000,United States
1934-05-01,5,31,179021,126374000,United States
1934-06-01,6,30,175044,126374000,United States
1934-07-01,7,31,187768,126374000,United States
1934-08-01,8,31,195393,126374000,United States
1934-09-01,9,30,192412,126374000,United States
1934-10-01,10,31,187766,126374000,United States
1934-11-01,11,30,175481,126374000,United States
1934-12-01,12,31,177865,126374000,United States
1935-01-01,1,31,186051,127250000,United States
1935-02-01,2,28,171058,127250000,United States
1935-03-01,3,31,185375,127250000,United States
1935-04-01,4,30,172177,127250000,United States
1935-05-01,5,31,174705,127250000,United States
1935-06-01,6,30,178786,127250000,United States
1935-07-01,7,31,191888,127250000,United States
1935-08-01,8,31,192449,127250000,United States
1935-09-01,9,30,185218,127250000,United States
1935-10-01,10,31,177945,127250000,United States
1935-11-01,11,30,167643,127250000,United States
1935-12-01,12,31,171810,127250000,United States
1936-01-01,1,31,182221,128053000,United States
1936-02-01,2,29,176711,128053000,United States
1936-03-01,3,31,188522,128053000,United States
1936-04-01,4,30,170489,128053000,United States
1936-05-01,5,31,170479,128053000,United States
1936-06-01,6,30,176341,128053000,United States
1936-07-01,7,31,190986,128053000,United States
1936-08-01,8,31,190494,128053000,United States
1936-09-01,9,30,183819,128053000,United States
1936-10-01,10,31,178672,128053000,United States
1936-11-01,11,30,166482,128053000,United States
1936-12-01,12,31,169574,128053000,United States
1937-01-01,1,31,182232,128825000,United States
1937-02-01,2,28,170698,128825000,United States
1937-03-01,3,31,189650,128825000,United States
1937-04-01,4,30,175708,128825000,United States
1937-05-01,5,31,181023,128825000,United States
1937-06-01,6,30,177588,128825000,United States
1937-07-01,7,31,195407,128825000,United States
1937-08-01,8,31,201292,128825000,United States
1937-09-01,9,30,192513,128825000,United States
1937-10-01,10,31,183842,128825000,United States
1937-11-01,11,30,172924,128825000,United States
1937-12-01,12,31,180460,128825000,United States
1938-01-01,1,31,194557,129825000,United States
1938-02-01,2,28,180052,129825000,United States
1938-03-01,3,31,196177,129825000,United States
1938-04-01,4,30,184263,129825000,United States
1938-05-01,5,31,188010,129825000,United States
1938-06-01,6,30,183822,129825000,United States
1938-07-01,7,31,203183,129825000,United States
1938-08-01,8,31,205742,129825000,United States
1938-09-01,9,30,196692,129825000,United States
1938-10-01,10,31,192035,129825000,United States
1938-11-01,11,30,179917,129825000,United States
1938-12-01,12,31,182512,129825000,United States
1939-01-01,1,31,192416,130880000,United States
1939-02-01,2,28,176904,130880000,United States
1939-03-01,3,31,196123,130880000,United States
1939-04-01,4,30,182990,130880000,United States
1939-05-01,5,31,182774,130880000,United States
1939-06-01,6,30,181809,130880000,United States
1939-07-01,7,31,200553,130880000,United States
1939-08-01,8,31,203754,130880000,United States
1939-09-01,9,30,197814,130880000,United States
1939-10-01,10,31,193120,130880000,United States
1939-11-01,11,30,177396,130880000,United States
1939-12-01,12,31,179935,130880000,United States
1940-01-01,1,31,194247,131954000,United States
1940-02-01,2,29,188279,131954000,United States
1940-03-01,3,31,198090,131954000,United States
1940-04-01,4,30,186743,131954000,United States
1940-05-01,5,31,194123,131954000,United States
1940-06-01,6,30,192404,131954000,United States
1940-07-01,7,31,210125,131954000,United States
1940-08-01,8,31,213669,131954000,United States
1940-09-01,9,30,206103,131954000,United States
1940-10-01,10,31,198763,131954000,United States
1940-11-01,11,30,185710,131954000,United States
1940-12-01,12,31,192143,131954000,United States
1941-01-01,1,31,205011,133121000,United States
1941-02-01,2,28,190876,133121000,United States
1941-03-01,3,31,211875,133121000,United States
1941-04-01,4,30,200781,133121000,United States
1941-05-01,5,31,198270,133121000,United States
1941-06-01,6,30,211120,133121000,United States
1941-07-01,7,31,234239,133121000,United States
1941-08-01,8,31,229428,133121000,United States
1941-09-01,9,30,215232,133121000,United States
1941-10-01,10,31,207462,133121000,United States
1941-11-01,11,30,199889,133121000,United States
1941-12-01,12,31,209244,133121000,United States
1942-01-01,1,31,224251,133920000,United States
1942-02-01,2,28,208149,133920000,United States
1942-03-01,3,31,227012,133920000,United States
1942-04-01,4,30,209363,133920000,United States
1942-05-01,5,31,213594,133920000,United States
1942-06-01,6,30,217609,133920000,United States
1942-07-01,7,31,239127,133920000,United States
1942-08-01,8,31,249525,133920000,United States
1942-09-01,9,30,257448,133920000,United States
1942-10-01,10,31,265589,133920000,United States
1942-11-01,11,30,246991,133920000,United States
1942-12-01,12,31,250338,133920000,United States
1943-01-01,1,31,261958,134245000,United States
1943-02-01,2,28,237078,134245000,United States
1943-03-01,3,31,255166,134245000,United States
1943-04-01,4,30,235675,134245000,United States
1943-05-01,5,31,236609,134245000,United States
1943-06-01,6,30,239850,134245000,United States
1943-07-01,7,31,258656,134245000,United States
1943-08-01,8,31,260985,134245000,United States
1943-09-01,9,30,251169,134245000,United States
1943-10-01,10,31,243810,134245000,United States
1943-11-01,11,30,225284,134245000,United States
1943-12-01,12,31,228620,134245000,United States
1944-01-01,1,31,235595,132885000,United States
1944-02-01,2,29,223073,132885000,United States
1944-03-01,3,31,227932,132885000,United States
1944-04-01,4,30,212915,132885000,United States
1944-05-01,5,31,221950,132885000,United States
1944-06-01,6,30,230306,132885000,United States
1944-07-01,7,31,253921,132885000,United States
1944-08-01,8,31,252673,132885000,United States
1944-09-01,9,30,237395,132885000,United States
1944-10-01,10,31,236068,132885000,United States
1944-11-01,11,30,229117,132885000,United States
1944-12-01,12,31,233855,132885000,United States
1945-01-01,1,31,236566,132481000,United States
1945-02-01,2,28,214692,132481000,United States
1945-03-01,3,31,230989,132481000,United States
1945-04-01,4,30,215029,132481000,United States
1945-05-01,5,31,221984,132481000,United States
1945-06-01,6,30,224512,132481000,United States
1945-07-01,7,31,240951,132481000,United States
1945-08-01,8,31,243155,132481000,United States
1945-09-01,9,30,236448,132481000,United States
1945-10-01,10,31,230965,132481000,United States
1945-11-01,11,30,218052,132481000,United States
1945-12-01,12,31,222113,132481000,United States
1946-01-01,1,31,222721,140054000,United States
1946-02-01,2,28,206387,140054000,United States
1946-03-01,3,31,228321,140054000,United States
1946-04-01,4,30,220646,140054000,United States
1946-05-01,5,31,233452,140054000,United States
1946-06-01,6,30,242302,140054000,United States
1946-07-01,7,31,286336,140054000,United States
1946-08-01,8,31,312678,140054000,United States
1946-09-01,9,30,325485,140054000,United States
1946-10-01,10,31,339499,140054000,United States
1946-11-01,11,30,332115,140054000,United States
1946-12-01,12,31,338730,140054000,United States
1947-01-01,1,31,340460,143446000,United States
1947-02-01,2,28,301932,143446000,United States
1947-03-01,3,31,325740,143446000,United States
1947-04-01,4,30,292375,143446000,United States
1947-05-01,5,31,303461,143446000,United States
1947-06-01,6,30,301913,143446000,United States
1947-07-01,7,31,318340,143446000,United States
1947-08-01,8,31,319681,143446000,United States
1947-09-01,9,30,310145,143446000,United States
1947-10-01,10,31,308540,143446000,United States
1947-11-01,11,30,288366,143446000,United States
1947-12-01,12,31,288987,143446000,United States
1948-01-01,1,31,295494,146093000,United States
1948-02-01,2,29,285694,146093000,United States
1948-03-01,3,31,300463,146093000,United States
1948-04-01,4,30,277636,146093000,United States
1948-05-01,5,31,272277,146093000,United States
1948-06-01,6,30,267712,146093000,United States
1948-07-01,7,31,308010,146093000,United States
1948-08-01,8,31,320968,146093000,United States
1948-09-01,9,30,312511,146093000,United States
1948-10-01,10,31,307720,146093000,United States
1948-11-01,11,30,290552,146093000,United States
1948-12-01,12,31,296031,146093000,United States
1949-01-01,1,31,299255,148665000,United States
1949-02-01,2,28,273195,148665000,United States
1949-03-01,3,31,300117,148665000,United States
1949-04-01,4,30,270770,148665000,United States
1949-05-01,5,31,281595,148665000,United States
1949-06-01,6,30,285442,148665000,United States
1949-07-01,7,31,318218,148665000,United States
1949-08-01,8,31,322774,148665000,United States
1949-09-01,9,30,312623,148665000,United States
1949-10-01,10,31,311480,148665000,United States
1949-11-01,11,30,290956,148665000,United States
1949-12-01,12,31,293104,148665000,United States
1950-01-01,1,31,297276,151326000,United States
1950-02-01,2,28,272604,151326000,United States
1950-03-01,3,31,294038,151326000,United States
1950-04-01,4,30,258868,151326000,United States
1950-05-01,5,31,275786,151326000,United States
1950-06-01,6,30,293879,151326000,United States
1950-07-01,7,31,315538,151326000,United States
1950-08-01,8,31,325094,151326000,United States
1950-09-01,9,30,315375,151326000,United States
1950-10-01,10,31,311905,151326000,United States
1950-11-01,11,30,292497,151326000,United States
1950-12-01,12,31,301289,151326000,United States
1951-01-01,1,31,303538,153982000,United States
1951-02-01,2,28,282118,153982000,United States
1951-03-01,3,31,312820,153982000,United States
1951-04-01,4,30,295924,153982000,United States
1951-05-01,5,31,312970,153982000,United States
1951-06-01,6,30,306788,153982000,United States
1951-07-01,7,31,328208,153982000,United States
1951-08-01,8,31,334264,153982000,United States
1951-09-01,9,30,328708,153982000,United States
1951-10-01,10,31,329166,153982000,United States
1951-11-01,11,30,304302,153982000,United States
1951-12-01,12,31,312044,153982000,United States
1952-01-01,1,31,311626,156393000,United States
1952-02-01,2,29,300218,156393000,United States
1952-03-01,3,31,317178,156393000,United States
1952-04-01,4,30,292028,156393000,United States
1952-05-01,5,31,300366,156393000,United States
1952-06-01,6,30,311340,156393000,United States
1952-07-01,7,31,345452,156393000,United States
1952-08-01,8,31,350476,156393000,United States
1952-09-01,9,30,343682,156393000,United States
1952-10-01,10,31,336136,156393000,United States
1952-11-01,11,30,315148,156393000,United States
1952-12-01,12,31,323336,156393000,United States
1953-01-01,1,31,322488,158956000,United States
1953-02-01,2,28,296312,158956000,United States
1953-03-01,3,31,315132,158956000,United States
1953-04-01,4,30,286962,158956000,United States
1953-05-01,5,31,307382,158956000,United States
1953-06-01,6,30,321246,158956000,United States
1953-07-01,7,31,354464,158956000,United States
1953-08-01,8,31,356450,158956000,United States
1953-09-01,9,30,347740,158956000,United States
1953-10-01,10,31,334202,158956000,United States
1953-11-01,11,30,319966,158956000,United States
1953-12-01,12,31,339776,158956000,United States
1954-01-01,1,31,331570,161884000,United States
1954-02-01,2,28,302318,161884000,United States
1954-03-01,3,31,323668,161884000,United States
1954-04-01,4,30,305006,161884000,United States
1954-05-01,5,31,318444,161884000,United States
1954-06-01,6,30,327008,161884000,United States
1954-07-01,7,31,358920,161884000,United States
1954-08-01,8,31,363278,161884000,United States
1954-09-01,9,30,358568,161884000,United States
1954-10-01,10,31,351858,161884000,United States
1954-11-01,11,30,335140,161884000,United States
1954-12-01,12,31,341584,161884000,United States
1955-01-01,1,31,328872,165069000,United States
1955-02-01,2,28,306418,165069000,United States
1955-03-01,3,31,332407,165069000,United States
1955-04-01,4,30,309198,165069000,United States
1955-05-01,5,31,325859,165069000,United States
1955-06-01,6,30,324847,165069000,United States
1955-07-01,7,31,354267,165069000,United States
1955-08-01,8,31,367221,165069000,United States
1955-09-01,9,30,361973,165069000,United States
1955-10-01,10,31,354304,165069000,United States
1955-11-01,11,30,336565,165069000,United States
1955-12-01,12,31,345364,165069000,United States
1956-01-01,1,31,339074,168088000,United States
1956-02-01,2,29,324828,168088000,United States
1956-03-01,3,31,344912,168088000,United States
1956-04-01,4,30,308530,168088000,United States
1956-05-01,5,31,315230,168088000,United States
1956-06-01,6,30,333672,168088000,United States
1956-07-01,7,31,370390,168088000,United States
1956-08-01,8,31,383084,168088000,United States
1956-09-01,9,30,374728,168088000,United States
1956-10-01,10,31,369734,168088000,United States
1956-11-01,11,30,343658,168088000,United States
1956-12-01,12,31,355250,168088000,United States
1957-01-01,1,31,346462,171187000,United States
1957-02-01,2,28,317380,171187000,United States
1957-03-01,3,31,348378,171187000,United States
1957-04-01,4,30,331212,171187000,United States
1957-05-01,5,31,344740,171187000,United States
1957-06-01,6,30,348054,171187000,United States
1957-07-01,7,31,380020,171187000,United States
1957-08-01,8,31,381448,171187000,United States
1957-09-01,9,30,377002,171187000,United States
1957-10-01,10,31,376254,171187000,United States
1957-11-01,11,30,348158,171187000,United States
1957-12-01,12,31,355676,171187000,United States
1958-01-01,1,31,344236,174149000,United States
1958-02-01,2,28,319968,174149000,United States
1958-03-01,3,31,347378,174149000,United States
1958-04-01,4,30,326178,174149000,United States
1958-05-01,5,31,342518,174149000,United States
1958-06-01,6,30,338316,174149000,United States
1958-07-01,7,31,360960,174149000,United States
1958-08-01,8,31,367878,174149000,United States
1958-09-01,9,30,378118,174149000,United States
1958-10-01,10,31,373820,174149000,United States
1958-11-01,11,30,346600,174149000,United States
1958-12-01,12,31,357842,174149000,United States
1959-01-01,1,31,349334,177135000,United States
1959-02-01,2,28,322706,177135000,United States
1959-03-01,3,31,358192,177135000,United States
1959-04-01,4,30,331144,177135000,United States
1959-05-01,5,31,337614,177135000,United States
1959-06-01,6,30,342814,177135000,United States
1959-07-01,7,31,373766,177135000,United States
1959-08-01,8,31,380078,177135000,United States
1959-09-01,9,30,377220,177135000,United States
1959-10-01,10,31,368198,177135000,United States
1959-11-01,11,30,345688,177135000,United States
1959-12-01,12,31,358042,177135000,United States
1960-01-01,1,31,345376,179323000,United States
1960-02-01,2,29,329642,179323000,United States
1960-03-01,3,31,349918,179323000,United States
1960-04-01,4,30,327202,179323000,United States
1960-05-01,5,31,333120,179323000,United States
1960-06-01,6,30,332728,179323000,United States
1960-07-01,7,31,374214,179323000,United States
1960-08-01,8,31,392230,179323000,United States
1960-09-01,9,30,387350,179323000,United States
1960-10-01,10,31,370552,179323000,United States
1960-11-01,11,30,349854,179323000,United States
1960-12-01,12,31,365664,179323000,United States
1961-01-01,1,31,353286,182973000,United States
1961-02-01,2,28,327502,182973000,United States
1961-03-01,3,31,360322,182973000,United States
1961-04-01,4,30,335120,182973000,United States
1961-05-01,5,31,342404,182973000,United States
1961-06-01,6,30,341990,182973000,United States
1961-07-01,7,31,373522,182973000,United States
1961-08-01,8,31,385484,182973000,United States
1961-09-01,9,30,377628,182973000,United States
1961-10-01,10,31,370114,182973000,United States
1961-11-01,11,30,346556,182973000,United States
1961-12-01,12,31,354398,182973000,United States
1962-01-01,1,31,344014,185738000,United States
1962-02-01,2,28,318090,185738000,United States
1962-03-01,3,31,350762,185738000,United States
1962-04-01,4,30,327926,185738000,United States
1962-05-01,5,31,335230,185738000,United States
1962-06-01,6,30,328098,185738000,United States
1962-07-01,7,31,363018,185738000,United States
1962-08-01,8,31,379122,185738000,United States
1962-09-01,9,30,369002,185738000,United States
1962-10-01,10,31,363524,185738000,United States
1962-11-01,11,30,338796,185738000,United States
1962-12-01,12,31,349780,185738000,United States
1963-01-01,1,31,339188,188438000,United States
1963-02-01,2,28,310846,188438000,United States
1963-03-01,3,31,340494,188438000,United States
1963-04-01,4,30,322936,188438000,United States
1963-05-01,5,31,334238,188438000,United States
1963-06-01,6,30,331982,188438000,United States
1963-07-01,7,31,360454,188438000,United States
1963-08-01,8,31,367290,188438000,United States
1963-09-01,9,30,365002,188438000,United States
1963-10-01,10,31,356866,188438000,United States
1963-11-01,11,30,328732,188438000,United States
1963-12-01,12,31,339992,188438000,United States
1964-01-01,1,31,332210,191085000,United States
1964-02-01,2,29,318554,191085000,United States
1964-03-01,3,31,332388,191085000,United States
1964-04-01,4,30,313338,191085000,United States
1964-05-01,5,31,327064,191085000,United States
1964-06-01,6,30,332568,191085000,United States
1964-07-01,7,31,358096,191085000,United States
1964-08-01,8,31,354932,191085000,United States
1964-09-01,9,30,355604,191085000,United States
1964-10-01,10,31,348232,191085000,United States
1964-11-01,11,30,323578,191085000,United States
1964-12-01,12,31,330926,191085000,United States
1965-01-01,1,31,312668,193460000,United States
1965-02-01,2,28,288238,193460000,United States
1965-03-01,3,31,317394,193460000,United States
1965-04-01,4,30,293254,193460000,United States
1965-05-01,5,31,306732,193460000,United States
1965-06-01,6,30,308234,193460000,United States
1965-07-01,7,31,332838,193460000,United States
1965-08-01,8,31,336754,193460000,United States
1965-09-01,9,30,333620,193460000,United States
1965-10-01,10,31,320556,193460000,United States
1965-11-01,11,30,301864,193460000,United States
1965-12-01,12,31,308206,193460000,United States
1966-01-01,1,31,293850,195501000,United States
1966-02-01,2,28,273902,195501000,United States
1966-03-01,3,31,303420,195501000,United States
1966-04-01,4,30,286914,195501000,United States
1966-05-01,5,31,292824,195501000,United States
1966-06-01,6,30,292526,195501000,United States
1966-07-01,7,31,310550,195501000,United States
1966-08-01,8,31,321304,195501000,United States
1966-09-01,9,30,319234,195501000,United States
1966-10-01,10,31,312942,195501000,United States
1966-11-01,11,30,296458,195501000,United States
1966-12-01,12,31,302350,195501000,United States
1967-01-01,1,31,293056,197374000,United States
1967-02-01,2,28,268664,197374000,United States
1967-03-01,3,31,296915,197374000,United States
1967-04-01,4,30,270618,197374000,United States
1967-05-01,5,31,290600,197374000,United States
1967-06-01,6,30,289955,197374000,United States
1967-07-01,7,31,309569,197374000,United States
1967-08-01,8,31,313276,197374000,United States
1967-09-01,9,30,308535,197374000,United States
1967-10-01,10,31,303305,197374000,United States
1967-11-01,11,30,284192,197374000,United States
1967-12-01,12,31,292274,197374000,United States
1968-01-01,1,31,277404,199312000,United States
1968-02-01,2,29,266082,199312000,United States
1968-03-01,3,31,282152,199312000,United States
1968-04-01,4,30,273564,199312000,United States
1968-05-01,5,31,288468,199312000,United States
1968-06-01,6,30,287432,199312000,United States
1968-07-01,7,31,308396,199312000,United States
1968-08-01,8,31,311676,199312000,United States
1968-09-01,9,30,305752,199312000,United States
1968-10-01,10,31,304288,199312000,United States
1968-11-01,11,30,291584,199312000,United States
1968-12-01,12,31,304766,199312000,United States
1969-01-01,1,31,293940,201306000,United States
1969-02-01,2,28,270786,201306000,United States
1969-03-01,3,31,296550,201306000,United States
1969-04-01,4,30,282638,201306000,United States
1969-05-01,5,31,289124,201306000,United States
1969-06-01,6,30,291610,201306000,United States
1969-07-01,7,31,318356,201306000,United States
1969-08-01,8,31,321034,201306000,United States
1969-09-01,9,30,312620,201306000,United States
1969-10-01,10,31,311972,201306000,United States
1969-11-01,11,30,297054,201306000,United States
1969-12-01,12,31,314522,201306000,United States
1970-01-01,1,31,301870,203302031,United States
1970-02-01,2,28,281100,203302031,United States
1970-03-01,3,31,307068,203302031,United States
1970-04-01,4,30,286624,203302031,United States
1970-05-01,5,31,297648,203302031,United States
1970-06-01,6,30,302798,203302031,United States
1970-07-01,7,31,329904,203302031,United States
1970-08-01,8,31,330712,203302031,United States
1970-09-01,9,30,331830,203302031,United States
1970-10-01,10,31,323764,203302031,United States
1970-11-01,11,30,309012,203302031,United States
1970-12-01,12,31,329056,203302031,United States
1971-01-01,1,31,312190,206827026,United States
1971-02-01,2,28,283444,206827026,United States
1971-03-01,3,31,307718,206827026,United States
1971-04-01,4,30,285730,206827026,United States
1971-05-01,5,31,284332,206827026,United States
1971-06-01,6,30,284944,206827026,United States
1971-07-01,7,31,304912,206827026,United States
1971-08-01,8,31,312416,206827026,United States
1971-09-01,9,30,310822,206827026,United States
1971-10-01,10,31,302542,206827026,United States
1971-11-01,11,30,281112,206827026,United States
1971-12-01,12,31,285808,206827026,United States
1972-01-01,1,31,275912,209283905,United States
1972-02-01,2,29,262305,209283905,United States
1972-03-01,3,31,273054,209283905,United States
1972-04-01,4,30,254538,209283905,United States
1972-05-01,5,31,269698,209283905,United States
1972-06-01,6,30,259620,209283905,United States
1972-07-01,7,31,277654,209283905,United States
1972-08-01,8,31,287834,209283905,United States
1972-09-01,9,30,282333,209283905,United States
1972-10-01,10,31,275130,209283905,United States
1972-11-01,11,30,263987,209283905,United States
1972-12-01,12,31,276346,209283905,United States
1973-01-01,1,31,265775,211357481,United States
1973-02-01,2,28,241045,211357481,United States
1973-03-01,3,31,268849,211357481,United States
1973-04-01,4,30,247455,211357481,United States
1973-05-01,5,31,254545,211357481,United States
1973-06-01,6,30,254096,211357481,United States
1973-07-01,7,31,275163,211357481,United States
1973-08-01,8,31,281300,211357481,United States
1973-09-01,9,30,270738,211357481,United States
1973-10-01,10,31,265494,211357481,United States
1973-11-01,11,30,251973,211357481,United States
1973-12-01,12,31,260532,211357481,United States
1974-01-01,1,31,257455,213341554,United States
1974-02-01,2,28,236551,213341554,United States
1974-03-01,3,31,257951,213341554,United States
1974-04-01,4,30,246469,213341554,United States
1974-05-01,5,31,256986,213341554,United States
1974-06-01,6,30,250525,213341554,United States
1974-07-01,7,31,279630,213341554,United States
1974-08-01,8,31,286496,213341554,United States
1974-09-01,9,30,283718,213341554,United States
1974-10-01,10,31,280280,213341554,United States
1974-11-01,11,30,258011,213341554,United States
1974-12-01,12,31,265886,213341554,United States
1975-01-01,1,31,259173,215465255,United States
1975-02-01,2,28,238153,215465255,United States
1975-03-01,3,31,261608,215465255,United States
1975-04-01,4,30,250992,215465255,United States
1975-05-01,5,31,261572,215465255,United States
1975-06-01,6,30,255734,215465255,United States
1975-07-01,7,31,279744,215465255,United States
1975-08-01,8,31,279937,215465255,United States
1975-09-01,9,30,273750,215465255,United States
1975-10-01,10,31,267841,215465255,United States
1975-11-01,11,30,249907,215465255,United States
1975-12-01,12,31,265787,215465255,United States
1976-01-01,1,31,257181,217562735,United States
1976-02-01,2,29,242868,217562735,United States
1976-03-01,3,31,258146,217562735,United States
1976-04-01,4,30,243611,217562735,United States
1976-05-01,5,31,251603,217562735,United States
1976-06-01,6,30,256556,217562735,United States
1976-07-01,7,31,277250,217562735,United States
1976-08-01,8,31,281987,217562735,United States
1976-09-01,9,30,282457,217562735,United States
1976-10-01,10,31,278295,217562735,United States
1976-11-01,11,30,263506,217562735,United States
1976-12-01,12,31,274328,217562735,United States
1977-01-01,1,31,271480,219759869,United States
1977-02-01,2,28,253322,219759869,United States
1977-03-01,3,31,281027,219759869,United States
1977-04-01,4,30,262403,219759869,United States
1977-05-01,5,31,274767,219759869,United States
1977-06-01,6,30,273321,219759869,United States
1977-07-01,7,31,291087,219759869,United States
1977-08-01,8,31,299200,219759869,United States
1977-09-01,9,30,292435,219759869,United States
1977-10-01,10,31,285850,219759869,United States
1977-11-01,11,30,269025,219759869,United States
1977-12-01,12,31,272715,219759869,United States
1978-01-01,1,31,270695,222095080,United States
1978-02-01,2,28,249898,222095080,United States
1978-03-01,3,31,276584,222095080,United States
1978-04-01,4,30,254585,222095080,United States
1978-05-01,5,31,270818,222095080,United States
1978-06-01,6,30,270704,222095080,United States
1978-07-01,7,31,294704,222095080,United States
1978-08-01,8,31,302805,222095080,United States
1978-09-01,9,30,293903,222095080,United States
1978-10-01,10,31,288965,222095080,United States
1978-11-01,11,30,274679,222095080,United States
1978-12-01,12,31,284939,222095080,United States
1979-01-01,1,31,284463,224567241,United States
1979-02-01,2,28,260981,224567241,United States
1979-03-01,3,31,288637,224567241,United States
1979-04-01,4,30,271159,224567241,United States
1979-05-01,5,31,287126,224567241,United States
1979-06-01,6,30,282277,224567241,United States
1979-07-01,7,31,311157,224567241,United States
1979-08-01,8,31,318023,224567241,United States
1979-09-01,9,30,306666,224567241,United States
1979-10-01,10,31,304119,224567241,United States
1979-11-01,11,30,288271,224567241,United States
1979-12-01,12,31,291519,224567241,United States
1980-01-01,1,31,292009,226545805,United States
1980-02-01,2,29,279961,226545805,United States
1980-03-01,3,31,297309,226545805,United States
1980-04-01,4,30,286780,226545805,United States
1980-05-01,5,31,293687,226545805,United States
1980-06-01,6,30,293018,226545805,United States
1980-07-01,7,31,321836,226545805,United States
1980-08-01,8,31,323129,226545805,United States
1980-09-01,9,30,320536,226545805,United States
1980-10-01,10,31,311312,226545805,United States
1980-11-01,11,30,289580,226545805,United States
1980-12-01,12,31,303101,226545805,United States
1981-01-01,1,31,294632,229465714,United States
1981-02-01,2,28,273234,229465714,United States
1981-03-01,3,31,301691,229465714,United States
1981-04-01,4,30,285578,229465714,United States
1981-05-01,5,31,296323,229465714,United States
1981-06-01,6,30,297935,229465714,United States
1981-07-01,7,31,326182,229465714,United States
1981-08-01,8,31,329870,229465714,United States
1981-09-01,9,30,319971,229465714,United States
1981-10-01,10,31,309106,229465714,United States
1981-11-01,11,30,290843,229465714,United States
1981-12-01,12,31,303873,229465714,United States
1982-01-01,1,31,297823,231664458,United States
1982-02-01,2,28,276899,231664458,United States
1982-03-01,3,31,305811,231664458,United States
1982-04-01,4,30,291446,231664458,United States
1982-05-01,5,31,306232,231664458,United States
1982-06-01,6,30,307842,231664458,United States
1982-07-01,7,31,328528,231664458,United States
1982-08-01,8,31,329182,231664458,United States
1982-09-01,9,30,326619,231664458,United States
1982-10-01,10,31,313982,231664458,United States
1982-11-01,11,30,295992,231664458,United States
1982-12-01,12,31,300181,231664458,United States
1983-01-01,1,31,297750,233791994,United States
1983-02-01,2,28,276981,233791994,United States
1983-03-01,3,31,310928,233791994,United States
1983-04-01,4,30,293920,233791994,United States
1983-05-01,5,31,303224,233791994,United States
1983-06-01,6,30,303957,233791994,United States
1983-07-01,7,31,317969,233791994,United States
1983-08-01,8,31,323960,233791994,United States
1983-09-01,9,30,314468,233791994,United States
1983-10-01,10,31,305777,233791994,United States
1983-11-01,11,30,290944,233791994,United States
1983-12-01,12,31,299055,233791994,United States
1984-01-01,1,31,292200,235824902,United States
1984-02-01,2,29,281564,235824902,United States
1984-03-01,3,31,303970,235824902,United States
1984-04-01,4,30,285823,235824902,United States
1984-05-01,5,31,299395,235824902,United States
1984-06-01,6,30,298889,235824902,United States
1984-07-01,7,31,325516,235824902,United States
1984-08-01,8,31,335222,235824902,United States
1984-09-01,9,30,326454,235824902,United States
1984-10-01,10,31,321371,235824902,United States
1984-11-01,11,30,296816,235824902,United States
1984-12-01,12,31,301921,235824902,United States
1985-01-01,1,31,304073,237923795,United States
1985-02-01,2,28,281261,237923795,United States
1985-03-01,3,31,310679,237923795,United States
1985-04-01,4,30,301777,237923795,United States
1985-05-01,5,31,317596,237923795,United States
1985-06-01,6,30,308477,237923795,United States
1985-07-01,7,31,333484,237923795,United States
1985-08-01,8,31,336575,237923795,United States
1985-09-01,9,30,331283,237923795,United States
1985-10-01,10,31,322997,237923795,United States
1985-11-01,11,30,301551,237923795,United States
1985-12-01,12,31,310808,237923795,United States
1986-01-01,1,31,306183,240132887,United States
1986-02-01,2,28,282526,240132887,United States
1986-03-01,3,31,312394,240132887,United States
1986-04-01,4,30,304103,240132887,United States
1986-05-01,5,31,315975,240132887,United States
1986-06-01,6,30,307668,240132887,United States
1986-07-01,7,31,334499,240132887,United States
1986-08-01,8,31,333875,240132887,United States
1986-09-01,9,30,334196,240132887,United States
1986-10-01,10,31,319134,240132887,United States
1986-11-01,11,30,293252,240132887,United States
1986-12-01,12,31,312742,240132887,United States
1987-01-01,1,31,305069,242288918,United States
1987-02-01,2,28,283477,242288918,United States
1987-03-01,3,31,317462,242288918,United States
1987-04-01,4,30,307768,242288918,United States
1987-05-01,5,31,319784,242288918,United States
1987-06-01,6,30,321024,242288918,United States
1987-07-01,7,31,336381,242288918,United States
1987-08-01,8,31,331351,242288918,United States
1987-09-01,9,30,334058,242288918,United States
1987-10-01,10,31,326392,242288918,United States
1987-11-01,11,30,306346,242288918,United States
1987-12-01,12,31,320282,242288918,United States
1988-01-01,1,31,310214,244498982,United States
1988-02-01,2,29,298464,244498982,United States
1988-03-01,3,31,321920,244498982,United States
1988-04-01,4,30,309185,244498982,United States
1988-05-01,5,31,325953,244498982,United States
1988-06-01,6,30,328868,244498982,United States
1988-07-01,7,31,346417,244498982,United States
1988-08-01,8,31,354165,244498982,United States
1988-09-01,9,30,346855,244498982,United States
1988-10-01,10,31,331220,244498982,United States
1988-11-01,11,30,314321,244498982,United States
1988-12-01,12,31,321928,244498982,United States
1989-01-01,1,31,320422,246819230,United States
1989-02-01,2,28,300391,246819230,United States
1989-03-01,3,31,339912,246819230,United States
1989-04-01,4,30,318779,246819230,United States
1989-05-01,5,31,336320,246819230,United States
1989-06-01,6,30,338973,246819230,United States
1989-07-01,7,31,356716,246819230,United States
1989-08-01,8,31,366579,246819230,United States
1989-09-01,9,30,357344,246819230,United States
1989-10-01,10,31,344161,246819230,United States
1989-11-01,11,30,325543,246819230,United States
1989-12-01,12,31,335818,246819230,United States
1990-01-01,1,31,335274,248709873,United States
1990-02-01,2,28,312611,248709873,United States
1990-03-01,3,31,350614,248709873,United States
1990-04-01,4,30,336382,248709873,United States
1990-05-01,5,31,354114,248709873,United States
1990-06-01,6,30,347355,248709873,United States
1990-07-01,7,31,367670,248709873,United States
1990-08-01,8,31,372516,248709873,United States
1990-09-01,9,30,358682,248709873,United States
1990-10-01,10,31,353166,248709873,United States
1990-11-01,11,30,333146,248709873,United States
1990-12-01,12,31,336682,248709873,United States
1991-01-01,1,31,335172,252980941,United States
1991-02-01,2,28,309130,252980941,United States
1991-03-01,3,31,344079,252980941,United States
1991-04-01,4,30,335626,252980941,United States
1991-05-01,5,31,353131,252980941,United States
1991-06-01,6,30,334265,252980941,United States
1991-07-01,7,31,362913,252980941,United States
1991-08-01,8,31,366786,252980941,United States
1991-09-01,9,30,356016,252980941,United States
1991-10-01,10,31,348934,252980941,United States
1991-11-01,11,30,323635,252980941,United States
1991-12-01,12,31,341220,252980941,United States
1992-01-01,1,31,334045,256514224,United States
1992-02-01,2,29,315448,256514224,United States
1992-03-01,3,31,339518,256514224,United States
1992-04-01,4,30,333373,256514224,United States
1992-05-01,5,31,344137,256514224,United States
1992-06-01,6,30,339664,256514224,United States
1992-07-01,7,31,359112,256514224,United States
1992-08-01,8,31,348949,256514224,United States
1992-09-01,9,30,347547,256514224,United States
1992-10-01,10,31,343546,256514224,United States
1992-11-01,11,30,321943,256514224,United States
1992-12-01,12,31,337732,256514224,United States
1993-01-01,1,31,323073,259918588,United States
1993-02-01,2,28,304656,259918588,United States
1993-03-01,3,31,342187,259918588,United States
1993-04-01,4,30,327042,259918588,United States
1993-05-01,5,31,335989,259918588,United States
1993-06-01,6,30,335349,259918588,United States
1993-07-01,7,31,352554,259918588,United States
1993-08-01,8,31,350898,259918588,United States
1993-09-01,9,30,348013,259918588,United States
1993-10-01,10,31,332937,259918588,United States
1993-11-01,11,30,316379,259918588,United States
1993-12-01,12,31,331163,259918588,United States
1994-01-01,1,31,320705,263125821,United States
1994-02-01,2,28,301327,263125821,United States
1994-03-01,3,31,339736,263125821,United States
1994-04-01,4,30,317392,263125821,United States
1994-05-01,5,31,330295,263125821,United States
1994-06-01,6,30,329737,263125821,United States
1994-07-01,7,31,345862,263125821,United States
1994-08-01,8,31,352173,263125821,United States
1994-09-01,9,30,339223,263125821,United States
1994-10-01,10,31,330172,263125821,United States
1994-11-01,11,30,319397,263125821,United States
1994-12-01,12,31,326748,263125821,United States
1995-01-01,1,31,316013,266278393,United States
1995-02-01,2,28,295094,266278393,United States
1995-03-01,3,31,328503,266278393,United States
1995-04-01,4,30,309119,266278393,United States
1995-05-01,5,31,334543,266278393,United States
1995-06-01,6,30,329805,266278393,United States
1995-07-01,7,31,340873,266278393,United States
1995-08-01,8,31,350737,266278393,United States
1995-09-01,9,30,339103,266278393,United States
1995-10-01,10,31,330012,266278393,United States
1995-11-01,11,30,310817,266278393,United States
1995-12-01,12,31,314970,266278393,United States
1996-01-01,1,31,314283,269394284,United States
1996-02-01,2,29,301763,269394284,United States
1996-03-01,3,31,322581,269394284,United States
1996-04-01,4,30,312595,269394284,United States
1996-05-01,5,31,325708,269394284,United States
1996-06-01,6,30,318525,269394284,United States
1996-07-01,7,31,345162,269394284,United States
1996-08-01,8,31,346317,269394284,United States
1996-09-01,9,30,336348,269394284,United States
1996-10-01,10,31,336346,269394284,United States
1996-11-01,11,30,309397,269394284,United States
1996-12-01,12,31,322469,269394284,United States
1997-01-01,1,31,317211,272646925,United States
1997-02-01,2,28,291541,272646925,United States
1997-03-01,3,31,321212,272646925,United States
1997-04-01,4,30,314230,272646925,United States
1997-05-01,5,31,330331,272646925,United States
1997-06-01,6,30,321867,272646925,United States
1997-07-01,7,31,346506,272646925,United States
1997-08-01,8,31,339122,272646925,United States
1997-09-01,9,30,333600,272646925,United States
1997-10-01,10,31,328657,272646925,United States
1997-11-01,11,30,307282,272646925,United States
1997-12-01,12,31,329335,272646925,United States
1998-01-01,1,31,319340,275854104,United States
1998-02-01,2,28,298711,275854104,United States
1998-03-01,3,31,329436,275854104,United States
1998-04-01,4,30,319758,275854104,United States
1998-05-01,5,31,330519,275854104,United States
1998-06-01,6,30,327091,275854104,United States
1998-07-01,7,31,348651,275854104,United States
1998-08-01,8,31,344736,275854104,United States
1998-09-01,9,30,343384,275854104,United States
1998-10-01,10,31,332790,275854104,United States
1998-11-01,11,30,313241,275854104,United States
1998-12-01,12,31,333896,275854104,United States
1999-01-01,1,31,319182,279040168,United States
1999-02-01,2,28,297568,279040168,United States
1999-03-01,3,31,332939,279040168,United States
1999-04-01,4,30,316889,279040168,United States
1999-05-01,5,31,328526,279040168,United States
1999-06-01,6,30,332201,279040168,United States
1999-07-01,7,31,349812,279040168,United States
1999-08-01,8,31,351371,279040168,United States
1999-09-01,9,30,349409,279040168,United States
1999-10-01,10,31,332980,279040168,United States
1999-11-01,11,30,315289,279040168,United States
1999-12-01,12,31,333251,279040168,United States
2000-01-01,1,31,330108,281421906,United States
2000-02-01,2,29,317377,281421906,United States
2000-03-01,3,31,340553,281421906,United States
2000-04-01,4,30,317180,281421906,United States
2000-05-01,5,31,341207,281421906,United States
2000-06-01,6,30,341206,281421906,United States
2000-07-01,7,31,348975,281421906,United States
2000-08-01,8,31,360080,281421906,United States
2000-09-01,9,30,347609,281421906,United States
2000-10-01,10,31,343921,281421906,United States
2000-11-01,11,30,333811,281421906,United States
2000-12-01,12,31,336787,281421906,United States
2001-01-01,1,31,335198,284968955,United States
2001-02-01,2,28,303534,284968955,United States
2001-03-01,3,31,338684,284968955,United States
2001-04-01,4,30,323613,284968955,United States
2001-05-01,5,31,344017,284968955,United States
2001-06-01,6,30,331085,284968955,United States
2001-07-01,7,31,351047,284968955,United States
2001-08-01,8,31,361802,284968955,United States
2001-09-01,9,30,342564,284968955,United States
2001-10-01,10,31,344074,284968955,United States
2001-11-01,11,30,323746,284968955,United States
2001-12-01,12,31,326569,284968955,United States
2002-01-01,1,31,330674,287625193,United States
2002-02-01,2,28,303977,287625193,United States
2002-03-01,3,31,331505,287625193,United States
2002-04-01,4,30,324432,287625193,United States
2002-05-01,5,31,339007,287625193,United States
2002-06-01,6,30,327588,287625193,United States
2002-07-01,7,31,357669,287625193,United States
2002-08-01,8,31,359417,287625193,United States
2002-09-01,9,30,348814,287625193,United States
2002-10-01,10,31,345814,287625193,United States
2002-11-01,11,30,318573,287625193,United States
2002-12-01,12,31,334256,287625193,United States
2003-01-01,1,31,329803,290107933,United States
2003-02-01,2,28,307248,290107933,United States
2003-03-01,3,31,336920,290107933,United States
2003-04-01,4,30,330106,290107933,United States
2003-05-01,5,31,346754,290107933,United States
2003-06-01,6,30,337425,290107933,United States
2003-07-01,7,31,364226,290107933,United States
2003-08-01,8,31,360103,290107933,United States
2003-09-01,9,30,359644,290107933,United States
2003-10-01,10,31,354048,290107933,United States
2003-11-01,11,30,320094,290107933,United States
2003-12-01,12,31,343579,290107933,United States
2004-01-01,1,31,332907,292805298,United States
2004-02-01,2,29,315821,292805298,United States
2004-03-01,3,31,346348,292805298,United States
2004-04-01,4,30,333335,292805298,United States
2004-05-01,5,31,337651,292805298,United States
2004-06-01,6,30,344881,292805298,United States
2004-07-01,7,31,359426,292805298,United States
2004-08-01,8,31,355408,292805298,United States
2004-09-01,9,30,356033,292805298,United States
2004-10-01,10,31,348466,292805298,United States
2004-11-01,11,30,335704,292805298,United States
2004-12-01,12,31,346072,292805298,United States
2005-01-01,1,31,331478,295516599,United States
2005-02-01,2,28,309620,295516599,United States
2005-03-01,3,31,349321,295516599,United States
2005-04-01,4,30,332477,295516599,United States
2005-05-01,5,31,346276,295516599,United States
2005-06-01,6,30,350879,295516599,United States
2005-07-01,7,31,357053,295516599,United States
2005-08-01,8,31,369316,295516599,United States
2005-09-01,9,30,363369,295516599,United States
2005-10-01,10,31,344639,295516599,United States
2005-11-01,11,30,335667,295516599,United States
2005-12-01,12,31,348254,295516599,United States
2006-01-01,1,31,340297,298379912,United States
2006-02-01,2,28,319235,298379912,United States
2006-03-01,3,31,356786,298379912,United States
2006-04-01,4,30,329809,298379912,United States
2006-05-01,5,31,355437,298379912,United States
2006-06-01,6,30,358251,298379912,United States
2006-07-01,7,31,367934,298379912,United States
2006-08-01,8,31,387798,298379912,United States
2006-09-01,9,30,374711,298379912,United States
2006-10-01,10,31,367354,298379912,United States
2006-11-01,11,30,351832,298379912,United States
2006-12-01,12,31,356111,298379912,United States
2007-01-01,1,31,354943,301231207,United States
2007-02-01,2,28,326891,301231207,United States
2007-03-01,3,31,360828,301231207,United States
2007-04-01,4,30,338224,301231207,United States
2007-05-01,5,31,362319,301231207,United States
2007-06-01,6,30,358606,301231207,United States
2007-07-01,7,31,379616,301231207,United States
2007-08-01,8,31,390378,301231207,United States
2007-09-01,9,30,366904,301231207,United States
2007-10-01,10,31,369324,301231207,United States
2007-11-01,11,30,353660,301231207,United States
2007-12-01,12,31,354540,301231207,United States
2008-01-01,1,31,356457,304093966,United States
2008-02-01,2,29,338521,304093966,United States
2008-03-01,3,31,350630,304093966,United States
2008-04-01,4,30,346397,304093966,United States
2008-05-01,5,31,354886,304093966,United States
2008-06-01,6,30,348587,304093966,United States
2008-07-01,7,31,375384,304093966,United States
2008-08-01,8,31,373333,304093966,United States
2008-09-01,9,30,367965,304093966,United States
2008-10-01,10,31,357875,304093966,United States
2008-11-01,11,30,323788,304093966,United States
2008-12-01,12,31,353871,304093966,United States
2009-01-01,1,31,337980,306771529,United States
2009-02-01,2,28,316641,306771529,United States
2009-03-01,3,31,347803,306771529,United States
2009-04-01,4,30,337272,306771529,United States
2009-05-01,5,31,345257,306771529,United States
2009-06-01,6,30,346971,306771529,United States
2009-07-01,7,31,368450,306771529,United States
2009-08-01,8,31,359554,306771529,United States
2009-09-01,9,30,361922,306771529,United States
2009-10-01,10,31,347625,306771529,United States
2009-11-01,11,30,320195,306771529,United States
2009-12-01,12,31,340995,306771529,United States
2010-01-01,1,31,323249,308745538,United States
2010-02-01,2,28,301994,308745538,United States
2010-03-01,3,31,338613,308745538,United States
2010-04-01,4,30,325028,308745538,United States
2010-05-01,5,31,328273,308745538,United States
2010-06-01,6,30,334535,308745538,United States
2010-07-01,7,31,345199,308745538,United States
2010-08-01,8,31,349747,308745538,United States
2010-09-01,9,30,350745,308745538,United States
2010-10-01,10,31,336809,308745538,United States
2010-11-01,11,30,326220,308745538,United States
2010-12-01,12,31,338974,308745538,United States
2011-01-01,1,31,320477,311644280,United States
2011-02-01,2,28,297961,311644280,United States
2011-03-01,3,31,330151,311644280,United States
2011-04-01,4,30,313275,311644280,United States
2011-05-01,5,31,326647,311644280,United States
2011-06-01,6,30,337280,311644280,United States
2011-07-01,7,31,345560,311644280,United States
2011-08-01,8,31,359404,311644280,United States
2011-09-01,9,30,345548,311644280,United States
2011-10-01,10,31,328488,311644280,United States
2011-11-01,11,30,321479,311644280,United States
2011-12-01,12,31,327320,311644280,United States
2012-01-01,1,31,316315,313993272,United States
2012-02-01,2,29,304505,313993272,United States
2012-03-01,3,31,324322,313993272,United States
2012-04-01,4,30,306700,313993272,United States
2012-05-01,5,31,330146,313993272,United States
2012-06-01,6,30,327189,313993272,United States
2012-07-01,7,31,347542,313993272,United States
2012-08-01,8,31,361114,313993272,United States
2012-09-01,9,30,340113,313993272,United States
2012-10-01,10,31,345497,313993272,United States
2012-11-01,11,30,325146,313993272,United States
2012-12-01,12,31,324252,313993272,United States
2013-01-01,1,31,323691,316234505,United States
2013-02-01,2,28,291748,316234505,United States
2013-03-01,3,31,320529,316234505,United States
2013-04-01,4,30,311645,316234505,United States
2013-05-01,5,31,329520,316234505,United States
2013-06-01,6,30,319779,316234505,United States
2013-07-01,7,31,349158,316234505,United States
2013-08-01,8,31,353485,316234505,United States
2013-09-01,9,30,338008,316234505,United States
2013-10-01,10,31,340562,316234505,United States
2013-11-01,11,30,318482,316234505,United States
2013-12-01,12,31,335574,316234505,United States
2014-01-01,1,31,326366,318622525,United States
2014-02-01,2,28,298404,318622525,United States
2014-03-01,3,31,323572,318622525,United States
2014-04-01,4,30,318990,318622525,United States
2014-05-01,5,31,334613,318622525,United States
2014-06-01,6,30,325981,318622525,United States
2014-07-01,7,31,355524,318622525,United States
2014-08-01,8,31,354257,318622525,United States
2014-09-01,9,30,348424,318622525,United States
2014-10-01,10,31,343356,318622525,United States
2014-11-01,11,30,317998,318622525,United States
2014-12-01,12,31,340591,318622525,United States
2015-01-01,1,31,325955,321039839,United States
2015-02-01,2,28,298058,321039839,United States
2015-03-01,3,31,328923,321039839,United States
2015-04-01,4,30,320832,321039839,United States
2015-05-01,5,31,327917,321039839,United States
2015-06-01,6,30,330541,321039839,United States
2015-07-01,7,31,353415,321039839,United States
2015-08-01,8,31,351791,321039839,United States
2015-09-01,9,30,347516,321039839,United States
2015-10-01,10,31,339007,321039839,United States
2015-11-01,11,30,318820,321039839,United States
2015-12-01,12,31,335722,321039839,United States
